#,claim,broad_topic,medium_topic,detailed_topic
1,“Pfizer just released its list of side effects of its COVID-19 vaccine.”,Vaccine Safety and Effectiveness,Vaccine Side Effects,Vaccine-Related Injuries and Deaths
2,"“The true nature of cancer is a parasite, hence why, Ivermectin, in conjunction with mebendazole, and (fenbendazole) is so effective.”",Vaccine Safety and Effectiveness,Scientific and Medical Discussions,Discussions about Cancer Treatments
3,"“Ivermectin is a treatment after Covid and after vaccination, it is an effective medicine in all phases of Covid 19.”",Vaccine Safety and Effectiveness,Scientific and Medical Discussions,Discussions about Treatment Options
4,The 9th Circuit Court of Appeals “just ruled Covid vax mandates unconstitutional.”,Government Policies,Vaccine Mandates,Opposition to Vaccine Mandates
5,"It was not former President Donald Trump who promoted the COVID-19 vaccine, but a “lookalike.”",Political and Societal Implications,Conspiracy Theories
6,COVID-19 is caused by radiation poisoning.,Political and Societal Implications,Conspiracy Theories
7,Democrats “used COVID to cheat” in the 2020 election.,Political and Societal Implications,Conspiracy Theories
8,Chinese scientists “created (a) new COVID-19 strain (with) 100% fatality.”,Vaccine Safety and Effectiveness,Scientific and Medical Discussions,Discussions about COVID-19 Strains
9,Sports journalist Mike Dickson died because of COVID-19 vaccines.,Vaccine Safety and Effectiveness,Vaccine Side Effects,Vaccine-Related Injuries and Deaths
10,"“Every booster you take, you’re more likely to get COVID as a result of it.”",Vaccine Safety and Effectiveness,Vaccine Side Effects,Vaccine-Related Injuries and Deaths
11,Suggests there have been 17 million deaths from the COVID-19 vaccines.,Vaccine Safety and Effectiveness,Vaccine Side Effects,Vaccine-Related Injuries and Deaths
12,“Nationwide data reveals surging levels of newest COVID strain in water supply.”,Public Health,COVID-19 Variants,COVID Strain in Water Supply
13,"“Right now, over 70% of federal employees are still working from home three years after COVID.""",Government Policies,Vaccine Policies,Impact of COVID on Workplaces
14,Iceland has banned COVID-19 vaccines “amid soaring sudden deaths.”,Government Policies,Vaccine Policies,Opposition to Vaccine Mandates
15,“The Republicans and Trump funded $400 million in March of 2020 for mail ballots.”,Government Policies,Vaccine Policies,Election and Voting Policies
16,Matthew Perry died because of a COVID-19 vaccine.,Vaccine Safety and Effectiveness,Vaccine Side Effects,Vaccine-Related Injuries and Deaths
17,“The FDA is required to take the COVID vaccines off the market” because they are “adulterated.”,Government Policies,Vaccine Policies,Vaccine Safety Concerns
18,“CDC admits it faked 99% of COVID deaths to scare public into taking vaccine.”,Political and Societal Implications,Conspiracy Theories
19,"“They brought in 25,000 (National Guard members) because Biden couldn't get enough people to his inauguration.”",Political and Societal Implications,Government Policies
20,“People who took the jab are technically ‘non human species.’”,Political and Societal Implications,Conspiracy Theories
21,"“Florida sort of had a mandate because they were giving the vaccine, they were demanding everybody take the vaccine.”",Government Policies,Vaccine Mandates,Opposition to Vaccine Mandates
22,“CDC says new COVID variant is more contagious among vaccinated people than those unvaccinated.”,Vaccine Safety and Effectiveness,Vaccine Impact,Contagiousness of COVID Variants
23,"""Malaysian doctor put to death for giving COVID injection under the (Nuremberg) Code.”",Political and Societal Implications,Conspiracy Theories
24,“The FDA is now saying that it’s OK to take ivermectin if you have COVID.”,Government Policies,Vaccine Policies,Scientific and Medical Discussions
25,"COVID-19 vaccines have killed 676,000 Americans.",Vaccine Safety and Effectiveness,Vaccine Side Effects,Vaccine-Related Injuries and Deaths
26,“A Pfizer warehouse full of Covid vaccines was just DESTROYED BY A TORNADO in North Carolina.”,Vaccine Distribution and Administration,Vaccine Impact,Impact of Natural Disasters on Vaccines
27,“COVID-19 is targeted to attack Caucasians and Black people. The people who are most immune are Ashkenazi Jews and Chinese.”,Political and Societal Implications,Conspiracy Theories
28,"""Florida to ban mRNA vaccines as credible evidence of biological weapons.""",Government Policies,Vaccine Policies,Opposition to mRNA Vaccines
29,“Monkey virus DNA found in COVID-19 shots”,Vaccine Safety and Effectiveness,Scientific and Medical Discussions,Discussions about Vaccine Composition
30,The COVID vaccine “has been proven to have negative efficacy.”,Vaccine Safety and Effectiveness,Vaccine Side Effects,Negative Efficacy Claims
31,"""The NEXT pandemic is here and children are the target, says Bill Gates.”",Political and Societal Implications,Conspiracy Theories
32,“Street lights are connected to mRNA.”,Political and Societal Implications,Conspiracy Theories
33,“A European study has found COVID vaccines could be causing ‘long-term brain damage.’”,Vaccine Safety and Effectiveness,Vaccine Side Effects,Long-Term Effects of Vaccines
34,Texas Gov. Greg Abbott “cut $211 million in mental health funding.”,Government Policies,Public Health Funding
35,“mRNA in food is being tested by USDA now.”,Vaccine Production,Vaccine Manufacturing,mRNA in Food Testing
36,Video shows people collapsing because of COVID-19 vaccines.,Vaccine Safety and Effectiveness,Vaccine Side Effects,Vaccine-Related Injuries and Deaths
37,There is “$500 billion of unspent COVID money” that can be rescinded.,Government Policies,Vaccine Policies,Funding and Budget for COVID Response
38,"""Healthy pilots are suffering from myocarditis and dropping dead on flights” because of the COVID-19 vaccines.",Vaccine Safety and Effectiveness,Vaccine Side Effects,Myocarditis Side Effect
39,“El CEO de Pfizer es un lagarto (demonio)”.,Political and Societal Implications,Conspiracy Theories
40,Dr. Anthony Fauci “admits that mask mandates were a broad spectrum failure.”,Government Policies,Vaccine Policies,Opposition to Vaccine Mandates
41,Brain aneurysms are a “serious and common COVID-19 mRNA vaccine injury in young people.”,Vaccine Safety and Effectiveness,Vaccine Side Effects,Vaccine-Related Injuries and Deaths
42,There have been no new variants since Dr. Anthony Fauci retired.,Political and Societal Implications,Conspiracy Theories
43,"Report proves that COVID-19 vaccines caused 300,000 excess deaths in 2022.",Vaccine Safety and Effectiveness,Vaccine Side Effects,Vaccine-Related Injuries and Deaths
44,Vladimir Putin “orders destruction of all COVID-19 vaccines in Russia.”,Government Policies,Vaccine Policies,Vaccine Destruction Orders
45,Richard Belzer died because of a COVID-19 vaccine.,Vaccine Safety and Effectiveness,Vaccine Side Effects,Vaccine-Related Injuries and Deaths
46,"""Biden admin negotiates deal to give WHO authority over US pandemic policies.”",Government Policies,Vaccine Policies,Authority Over Pandemic Policies
47,“100% of COVID deaths in Canada now due to mRNA vaccine.”,Vaccine Safety and Effectiveness,Vaccine-Related Injuries and Deaths,Vaccine Impact on COVID Deaths
48,Joe Biden closed schools during the COVID-19 pandemic.,Government Policies,Vaccine Policies,School Closures During Pandemic
49,"""Unusual cancers” are “exploding right into stage 4"" and those cancer cells have “the spike protein.""",Vaccine Safety and Effectiveness,Vaccine Side Effects,Cancer Side Effect
50,“Pfizer just got caught doing gain of function to mutate covid intentionally for vaccines.”,Vaccine Production,Vaccine Manufacturing,Investigation of Manufacturers
51,Diamond and Silk pundit died from COVID-19,Vaccine Safety and Effectiveness,Vaccine-Related Injuries and Deaths
52,Illinois “received $5.1 billion at an elementary school there that used it for equity and diversity.”,Government Policies,Vaccine Policies,Funding for Health Initiatives
53,"People not vaccinated against COVID-19 “came out the best.""",Public Opinion,Vaccine Acceptance,Vaccine Refusal
54,"""Almost every study now has said with these new boosters, you're more likely to get infected with the bivalent booster.""",Vaccine Safety and Effectiveness,Vaccine Impact,Effectiveness of Bivalent Boosters
55,Coronavirus is a Latin word for “heart attack virus.”,Political and Societal Implications,Conspiracy Theories
56,"COVID-19 vaccines ""provide zero benefit relative to risk for the young and healthy.""",Vaccine Safety and Effectiveness,Vaccine Side Effects,Vaccine-Related Injuries and Deaths
57,"There have been “1,598 athlete cardiac arrests since Jan 2021. 69% fatal.""",Vaccine Safety and Effectiveness,Vaccine Side Effects,Vaccine-Related Injuries and Deaths
58,The COVID-19 vaccines were linked to the deaths of 80 Canadian doctors.,Vaccine Safety and Effectiveness,Vaccine Side Effects,Vaccine-Related Injuries and Deaths
59,Stephen Boss died because of the COVID-19 vaccine.,Vaccine Safety and Effectiveness,Vaccine Side Effects,Vaccine-Related Injuries and Deaths
60,Grant Wahl died because of the COVID-19 vaccine.,Vaccine Safety and Effectiveness,Vaccine Side Effects,Vaccine-Related Injuries and Deaths
61,Joe Biden’s $36 billion for a union pension fund is “the largest private pension bailout in American history.”,Government Policies,Political and Societal Implications,Economic Impact of COVID-19
62,"“Since the COVID jabs were rolled out, at least 1.1 million Americans have 'died suddenly.'”",Vaccine Safety and Effectiveness,Vaccine-Related Injuries and Deaths,Vaccine Impact on Mortality
63,Video confirms Pfizer’s CEO is “reptilian.”,Political and Societal Implications,Conspiracy Theories
64,"“A lot of the programs (that were) started during the pandemic are still going, even though the pandemic is long over.”",Government Policies,Vaccine Policies,Ongoing Pandemic Programs
65,Country singer Jake Flint died because of the COVID-19 vaccine.,Vaccine Safety and Effectiveness,Vaccine Side Effects,Vaccine-Related Injuries and Deaths
66,The College of Physicians and Surgeons of Ontario suggested “that ‘unvaccinated’ people are mentally ill and in need of psychiatric medication.”,Political and Societal Implications,Public Opinion,Vaccine Refusal
67,Increases in respiratory syncytial virus in children are linked to the COVID-19 vaccine.,Vaccine Safety and Effectiveness,Vaccine Side Effects,Respiratory Syncytial Virus Link
68,"The COVID-19 vaccine for children is proving to be “not only ineffective, it’s also proving to be dangerous.”",Vaccine Safety and Effectiveness,Vaccine Side Effects,Vaccine-Related Injuries and Deaths
69,Julie Powell died from the COVID-19 vaccine.,Vaccine Safety and Effectiveness,Vaccine Side Effects,Vaccine-Related Injuries and Deaths
70,Bill Gates’ daughters aren’t vaccinated.,Public Opinion,Vaccine Acceptance,Vaccine Refusal by Public Figures
71,“Kids are resistant to COVID as opposed to older people.”,Vaccine Safety and Effectiveness,Scientific and Medical Discussions,Discussions about COVID Resistance in Children
72,DJ Mighty Mouse died because of a COVID-19 booster vaccine.,Vaccine Safety and Effectiveness,Vaccine Side Effects,Vaccine-Related Injuries and Deaths
73,"""Peer-reviewed paper"" shows ""Fauci created COVID-19""",Political and Societal Implications,Conspiracy Theories
74,Bodybuilder died from the COVID-19 vaccine.,Vaccine Safety and Effectiveness,Vaccine Side Effects,Vaccine-Related Injuries and Deaths
75,“Covid vaccinations now prohibited in people under 50 in Denmark.”,Government Policies,Vaccine Policies,Vaccine Mandates
76,Pfizer executive “admits” vaccine was never tested for preventing transmission.,Vaccine Safety and Effectiveness,Scientific and Medical Discussions,Vaccine Testing and Efficacy
77,"COVID was ""so bad one year, they just forgot to give us a hurricane? What’s really going on here.”",Political and Societal Implications,Conspiracy Theories
78,The COVID-19 vaccine caused J.J. Watt’s atrial fibrillation.,Vaccine Safety and Effectiveness,Vaccine Side Effects,Vaccine-Related Injuries and Deaths
79,Queen Elizabeth died because of the COVID-19 vaccine.,Political and Societal Implications,Conspiracy Theories
80,“Nearly half of pregnant women in Pfizer trial miscarried.”,Vaccine Safety and Effectiveness,Vaccine Side Effects,Vaccine-Related Injuries and Deaths
81,"""Monkeypox is a complete, fake sham” that’s “designed to force lockdowns, mandates and shots.”",Political and Societal Implications,Conspiracy Theories
82,"In England, “COVID-19 vaccinated children are 4,423% more likely to die of any cause and 13,633% more likely to die of COVID-19 than unvaccinated children.”",Vaccine Safety and Effectiveness,Vaccine-Related Injuries and Deaths,Vaccine Impact on Children
83,"“Three doctors from the same hospital ‘die suddenly’ in the same week,” after the hospital mandated a fourth COVID-19 vaccine for employees.",Vaccine Safety and Effectiveness,Vaccine Injury,Vaccine-Related Injuries and Deaths
84,George Floyd and COVID-19 “never existed.”,Political and Societal Implications,Conspiracy Theories
85,Ray Liotta died because of the COVID-19 vaccine.,Vaccine Safety and Effectiveness,Vaccine Side Effects,Vaccine-Related Injuries and Deaths
86,There’s a “‘positive correlation’ between higher mask usage and COVID-19 deaths.”,Vaccine Safety and Effectiveness,Scientific and Medical Discussions,Discussions about Mask Usage and COVID-19
87,"They passed the flu off as COVID-19, and “they’re going to do the same thing with monkeypox and shingles.”",Political and Societal Implications,Conspiracy Theories
88,“Swedish health authorities considering introducing restrictions because of monkeypox outbreak.”,Government Policies,Vaccine Policies,Response to Outbreaks
89,“Breaking: Democrats introduce bill to put Americans in quarantine camps.”,Government Policies,Vaccine Policies,Quarantine Measures
90,“When President Biden took office … there was no vaccine available.”,Government Policies,Vaccine Policies,Vaccine Availability
91,“Your government quietly confirmed the fully vaccinated are developing Acquired Immunodeficiency Syndrome.”,Vaccine Safety and Effectiveness,Vaccine Side Effects,Vaccine-Related Injuries and Deaths
92,“mRNA Vaccines Show No Mortality Benefit - Danish Study”,Vaccine Safety and Effectiveness,Scientific and Medical Discussions,Discussions about Mortality Benefits
93,"Joe Biden's spending “has sent prices skyrocketing.""",Political and Societal Implications,Government Policies,Economic Impact of COVID-19
94,Suggests ivermectin is an effective treatment for COVID-19,Vaccine Safety and Effectiveness,Scientific and Medical Discussions,Discussions about Ivermectin as Treatment
95,Gilbert Gottfried died from the COVID-19 vaccine.,Vaccine Safety and Effectiveness,Vaccine Side Effects,Vaccine-Related Injuries and Deaths
96,The COVID-19 vaccines contain “HIV lipid wrappers.”,Political and Societal Implications,Conspiracy Theories
97,"As with people vaccinated against COVID-19, “many people who were NOT vaccinated also experienced zero or mild symptoms.”",Vaccine Safety and Effectiveness,Vaccine Impact,Mild Symptoms in Vaccinated and Unvaccinated
98,Foo Fighters drummer Taylor Hawkins died from a COVID-19 vaccine.,Vaccine Safety and Effectiveness,Vaccine Side Effects,Vaccine-Related Injuries and Deaths
99,"""Documents were published confirming Moderna created the COVID-19 Virus.”",Political and Societal Implications,Conspiracy Theories
100,“We are No. 1 among all large states in having fully vaccinated teenagers. We are No. 2 in all large states for having fully vaccinated five- to 11- year-olds.”,Vaccine Distribution and Administration,Vaccine Impact,Vaccination Rates Among Teenagers and Children
101,Wearing masks is “COVID theater” and “not doing anything.”,Political and Societal Implications,Conspiracy Theories
102,"“Over-vaccination causes faster mutation of the (COVID-19) virus, which causes a super virus we may not have the ability to fight off.”",Vaccine Safety and Effectiveness,Vaccine Side Effects,Vaccine Impact on Virus Mutation
103,“Only 16% Of Canadians Would SUPPORT Trudeau After Trucker Protest!”,Political and Societal Implications,Public Opinion
104,“Airline CEO gets pied for forcing vaccinations”,Political and Societal Implications,Vaccine Mandates,Opposition to Vaccine Mandates
105,"“Johns Hopkins University confirms: You can be vaccinated with a PCR test, even without knowing”",Vaccine Safety and Effectiveness,Scientific and Medical Discussions,Discussions about PCR Testing
106,"""According to Congress, travel nurses need a pay cap.”",Government Policies,Vaccine Policies,Vaccine Impact on Healthcare Workers
107,"""Study proves children’s hearts destroyed by COVID vaccine.""",Vaccine Safety and Effectiveness,Vaccine Side Effects,Vaccine-Related Injuries and Deaths
108,“The second booster has eight strains of HIV.”,Vaccine Safety and Effectiveness,Vaccine Side Effects,Concerns about Vaccine Composition
109,"COVID spelled backward is “divoc” which means ""possession of the evil spirit"" in Hebrew.",Political and Societal Implications,Conspiracy Theories
110,“We all know China created COVID.”,Political and Societal Implications,Conspiracy Theories
111,Says a Washington Post headline and graphic about COVID-19 deaths are misleading.,Public Opinion,Vaccine Acceptance,Misleading Information about COVID-19 Deaths
112,Requesting a chargeback is “a better way to get back at” GoFundMe.,Political and Societal Implications,Conspiracy Theories
113,Says remdesivir is responsible for killing patients hospitalized with COVID-19.,Vaccine Safety and Effectiveness,Scientific and Medical Discussions,Discussions about Remdesivir
114,“Embalmers finding ‘strange clots’ in jabbed people”,Vaccine Safety and Effectiveness,Vaccine Side Effects,Vaccine-Related Injuries and Deaths
115,"Ron DeSantis let ""millions of COVID-19 tests expire.""",Government Policies,Vaccine Policies,COVID-19 Testing Issues
116,"“Few, If Any, Doses of Spikevax or Comirnaty Available in United States, Despite FDA Approvals”",Vaccine Distribution and Administration,Vaccine Availability,Spikevax and Comirnaty Supply Issues
117,“The convoy in Canada has made the Guinness Book of World Records for the longest convoy.”,Political and Societal Implications,Public Demonstrations and Protests
118,"In the U.S., myocarditis cases among ages 12 to 20 numbered four in 2019; four in 2020; and 2,236 in 2021.",Vaccine Safety and Effectiveness,Vaccine Side Effects,Myocarditis Side Effect
119,“All these athletes are dropping dead on the field” after receiving the COVID-19 vaccination.,Vaccine Safety and Effectiveness,Vaccine Side Effects,Vaccine-Related Injuries and Deaths
120,“National Guard doctors find hospitals empty of COVID patients.”,Public Health,COVID-19 Hospitalization Rates,Hospital Capacity During COVID-19
121,“The CDC admits that natural immunity from prior infections is superior to vaccinated immunity alone.”,Vaccine Safety and Effectiveness,Scientific and Medical Discussions,Natural Immunity vs. Vaccinated Immunity
122,President Joe Biden gave Congress an exemption from vaccine mandate,Government Policies,Vaccine Mandates,Opposition to Vaccine Mandates
123,"""Total deaths from COVID MUCH LOWER than reported.”",Vaccine Safety and Effectiveness,Vaccine-Related Injuries and Deaths,Reporting of COVID Deaths
124,The CDC said that 75% of COVID-19 deaths have involved people with at least four comorbidities.,Vaccine Safety and Effectiveness,Scientific and Medical Discussions,Discussions about Comorbidities and COVID-19
125,“Moderna COVID vaccine is no longer recommended due to heart inflammation.”,Vaccine Safety and Effectiveness,Vaccine Side Effects,Myocarditis Side Effect
126,Four players have dropped out of the Australian Open with “chest pains.”,Vaccine Safety and Effectiveness,Vaccine Side Effects,Vaccine-Related Injuries and Deaths
127,"Omicron is “the fastest-spreading virus known to humankind.""",Vaccine Safety and Effectiveness,Scientific and Medical Discussions,Discussions about Omicron Variant
128,Novak Djokovic is the first professional athlete to be banned from a major sporting event for “not taking drugs.”,Political and Societal Implications,Vaccine Mandates,Opposition to Vaccine Mandates
129,“If you stop testing (for COVID-19) it all goes away and people just have colds like before.”,Public Opinion,Vaccine Acceptance,Testing and COVID-19 Perception
130,"""The number of COVID-19 deaths recorded so far in 2021 has surpassed the total for 2020.""",Vaccine Safety and Effectiveness,Vaccine Impact,COVID-19 Death Statistics
131,“Fully vaccinated Australians in hospital for COVID-19 surpass unvaccinated”,Vaccine Safety and Effectiveness,Vaccine Impact,Hospitalization Rates Among Vaccinated Individuals
132,“The CDC director just said that 75% of ‘Covid deaths’ occurred in people with at least four comorbidities.”,Vaccine Safety and Effectiveness,Scientific and Medical Discussions,Discussions about Comorbidities and COVID-19
133,"""Japan drops all vaxxine mandates, places myocarditis warning on label.""",Government Policies,Vaccine Policies,Opposition to Vaccine Mandates
134,"“You are 17 times more likely to go to the hospital if you’re not vaccinated, 20 times more likely to die.”",Vaccine Safety and Effectiveness,Vaccine Impact,Hospitalization and Mortality Rates
135,“New Zealand okays euthanasia for COVID patients.”,Government Policies,Public Health Decisions,Euthanasia for COVID Patients
136,"""Biden's CDC Director ADMITS Her Own Employees Aren't Getting Vaccinated.""",Government Policies,Vaccine Policies,Vaccine Acceptance among Employees
137,"“We have over 100,000 children, which we’ve never had before, in serious condition, and many on ventilators” due to the coronavirus.",Vaccine Safety and Effectiveness,Vaccine-Related Injuries and Deaths,Impact on Children
138,“No one has been hospitalized for” the omicron variant of COVID-19.,Vaccine Safety and Effectiveness,Scientific and Medical Discussions,Discussions about Omicron Variant
139,“Data from around the world suggests that omicron favors the fully vaccinated.”,Vaccine Safety and Effectiveness,Vaccine Impact,Omicron and Vaccine Response
140,"If you have “natural immunity,” getting vaccinated against COVID-19 “is more likely to harm you severely.”",Vaccine Safety and Effectiveness,Vaccine Side Effects,Vaccine-Related Injuries and Deaths
141,"""Germany: 96% of Latest Omicron Patients were FULLY Vaccinated – Only 4% Unvaccinated”",Vaccine Safety and Effectiveness,Vaccine Impact,Vaccine Impact on Omicron Variant
142,"""Half a million sharks could be killed to make the COVID-19 vaccine.""",Vaccine Production,Vaccine Manufacturing,Environmental Impact of Vaccine Production
143,"Tylenol ""ruins your ability to kill” COVID-19.",Vaccine Safety and Effectiveness,Scientific and Medical Discussions,Discussions about Treatment Efficacy
144,“Pfizer CEO: New Pill Will Have a Microchip That Transmits Info Once You Swallow It!”,Political and Societal Implications,Conspiracy Theories
145,President Joe Biden “never had a” COVID-19 “plan.”,Government Policies,Vaccine Policies,Criticism of COVID-19 Response
146,"""Yale study: Vaccinated people more likely to be infected than those without the jab.”",Vaccine Safety and Effectiveness,Vaccine Effectiveness,Vaccinated vs. Unvaccinated Infection Rates
147,The CDC finally admits its COVID-19 test can’t tell the difference between the virus and the flu,Vaccine Safety and Effectiveness,Scientific and Medical Discussions,COVID-19 Testing Accuracy
148,"""By declining the vax, I am 100% safe from adverse reactions and 99.8% safe from COVID.""",Personal Experiences and Opinions,Vaccine Refusal,Perceived Safety from COVID-19
149,“WHO Director-General: The vaccines are being used to kill children.”,Political and Societal Implications,Conspiracy Theories
150,Teens are “more likely to be hospitalized with myocarditis” from the COVID-19 vaccines than to be “hospitalized with COVID.”,Vaccine Safety and Effectiveness,Vaccine Side Effects,Myocarditis Side Effect
151,People vaccinated for COVID-19 “do not spread the disease to anyone else.”,Vaccine Safety and Effectiveness,Vaccine Impact,Vaccine Impact on Disease Transmission
152,“They've now killed close to twice as many kids from the vaccine as have died from COVID.”,Vaccine Safety and Effectiveness,Vaccine Side Effects,Vaccine-Related Injuries and Deaths
153,“Maybe they’re just calling the common cold … the omicron variant.”,Vaccine Safety and Effectiveness,Scientific and Medical Discussions,Discussions about Omicron Variant
154,“Moderna patent uncovers horror nanocensor contained in bioweapon.”,Political and Societal Implications,Conspiracy Theories
155,“Santa Claus arrested by German police for not wearing a mask.”,Political and Societal Implications,Government Policies,Mask Mandates
156,Microsoft and Bill Gates created a 1999 video game called “Omikron.”,Political and Societal Implications,Conspiracy Theories
157,The COVID-19 vaccines cause AIDS.,Vaccine Safety and Effectiveness,Vaccine Side Effects,Vaccine-Related Injuries and Deaths
158,"Society is “choosing blood clots and heart problems over cold and flu symptoms, or even no symptoms at all.”",Vaccine Safety and Effectiveness,Vaccine Side Effects,Vaccine-Related Injuries and Deaths
159,"""COVID-19 vaccines do not stop transmission of COVID, but instead increase it.”",Vaccine Safety and Effectiveness,Vaccine Impact,Vaccine Impact on Transmission
160,Says Vice President Kamala Harris called the unvaccinated “dirty Trump people.”,Political and Societal Implications,Public Discourse,Stigmatization of the Unvaccinated
161,“Only the fully vaccinated should fear the new ‘worst ever’ Covid-19 variant; data shows they already account for 4 in every 5 Covid deaths”,Vaccine Safety and Effectiveness,Vaccine Impact,Covid-19 Variant Impact on Vaccinated Individuals
162,"""Tap water is testing positive for COVID!”",Public Health,COVID-19 Transmission,Environmental Contamination Concerns
163,COVID-19 vaccines are gene therapy and a recent Forbes article proves that.,Vaccine Safety and Effectiveness,Scientific and Medical Discussions,Discussions about Gene Therapy
164,"""Don’t be fooled by the next ‘Variant’! There are actually 1000’s of them. They just will pick the next one to keep the fear going.""",Political and Societal Implications,Conspiracy Theories
165,Athletes are collapsing with heart-related issues due to the COVID-19 vaccines,Vaccine Safety and Effectiveness,Vaccine Side Effects,Vaccine-Related Injuries and Deaths
166,“Only Reuters” reported that the doctor who detected the omicron variant said its symptoms are “very mild.”,Vaccine Safety and Effectiveness,Scientific and Medical Discussions,Discussions about Omicron Variant Symptoms
167,"“COVID death rates 4 to 1, vaccinated to unvaxxed”",Vaccine Safety and Effectiveness,Vaccine Impact,COVID Death Rates Comparison
168,The omicron variant’s name is evidence the coronavirus pandemic is a hoax.,Political and Societal Implications,Conspiracy Theories
169,“Celine Dion has been paralyzed by the COVID vaccine and cancels her tour.”,Vaccine Safety and Effectiveness,Vaccine Side Effects,Vaccine-Related Injuries and Deaths
170,Photo shows people recently protesting in Austria.,Political and Societal Implications,Vaccine Mandates,Opposition to Vaccine Mandates
171,“Vitamin D levels of 50 ng/mL correlates to zero mortality rate from COVID.”,Vaccine Safety and Effectiveness,Scientific and Medical Discussions,Discussions about Vitamin D and COVID
172,"""Fauci admits Covid vax doesn't work""",Vaccine Safety and Effectiveness,Vaccine Effectiveness,Public Statements by Health Officials
173,"""Spike protein goes to nucleus and impairs DNA repair.""",Vaccine Safety and Effectiveness,Scientific and Medical Discussions,Spike Protein Effects on DNA Repair
174,COVID-19 vaccines contain luciferase.,Political and Societal Implications,Conspiracy Theories
175,"""Bill Gates just admitted that the Pfizer and Moderna mRNA vaccines don’t work well.""",Vaccine Safety and Effectiveness,Scientific and Medical Discussions,Vaccine Effectiveness of mRNA Vaccines
176,“Stalin once ripped all the feathers off a live chicken as a lesson to his followers.”,Political and Societal Implications,Conspiracy Theories
177,"""Children are 50 times more likely to be killed by the Covid vaccines than by the virus itself.""",Vaccine Safety and Effectiveness,Vaccine Side Effects,Vaccine-Related Injuries and Deaths
178,“Wife of Pfizer’s CEO dies after complications from the vaccine.”,Vaccine Safety and Effectiveness,Vaccine Side Effects,Vaccine-Related Injuries and Deaths
179,"No new COVID-19 cases in Uttar Pradesh, India, due to use of ivermectin",Vaccine Safety and Effectiveness,Scientific and Medical Discussions,Discussions about Ivermectin Use
180,"""There is no added safety to the public if you're vaccinated.""",Vaccine Safety and Effectiveness,Vaccine Side Effects,Public Health Implications of Vaccination
181,The military arrested “bedridden Gavin Newsom.”,Political and Societal Implications,Conspiracy Theories
182,"A banner for COVID-19 vaccines says, “Don’t forget to donate your childrens organs.”",Political and Societal Implications,Conspiracy Theories
183,“Australian military being trained to **force vaccinate** in door-to-door attacks.”,Government Policies,Vaccine Mandates,Opposition to Vaccine Mandates
184,"“CEO of Pfizer arrested, charged with fraud.”",Political and Societal Implications,Conspiracy Theories
185,"“The Spanish High Court has announced (COVID-19) is a bio weapon with a patent, not a virus.”",Political and Societal Implications,Conspiracy Theories
186,"""National Guard to fill in for cops who refuse to get vaccinated.""",Government Policies,Vaccine Mandates,Opposition to Vaccine Mandates
187,"“Unmask your kids! Any carbon dioxide concentrations above” 2,000 parts per million are “dangerous!”",Political and Societal Implications,Public Health Concerns,Effects of Masking on Children
188,Blood “starts to clot in a minute or two” after a Pfizer COVID-19 vaccine injection.,Vaccine Safety and Effectiveness,Vaccine Side Effects,Vaccine-Related Injuries and Deaths
189,“Japan drops vax rollout”,Government Policies,Vaccine Policies,Vaccine Rollout Decisions
190,"""There is no such thing as a booster. There is a failed product that is sometimes used again in hopes of a different outcome.”",Vaccine Safety and Effectiveness,Vaccine Policies,Opposition to Vaccine Mandates
191,"In the United Kingdom, “70-plus percent of the people who die now from COVID are fully vaccinated.”",Vaccine Safety and Effectiveness,Vaccine-Related Injuries and Deaths,COVID-19 Deaths Among Vaccinated Individuals
192,“Australia to Implement Quarantine Camps for the Unvaxed”,Government Policies,Vaccine Policies,Vaccine Mandates
193,“NIH COVID Treatment Guidelines Approve Ivermectin”,Vaccine Safety and Effectiveness,Scientific and Medical Discussions,Discussions about Ivermectin
194,We are seeing “the Justice Department treat American parents as domestic terrorists” under the Patriot Act.,Political and Societal Implications,Government Policies,Parental Rights and Activism
195,"""Southwest Airlines announce they will no longer terminate employees over the mandate.""",Government Policies,Vaccine Mandates,Opposition to Vaccine Mandates
196,“Corona PCR ‘test’ is implanting a microchip.”,Political and Societal Implications,Conspiracy Theories
197,"COVID-19 vaccines contain “RNA-modifying transhumanism nanotechnology.""",Political and Societal Implications,Conspiracy Theories
198,A nurse who fainted after receiving the COVID-19 vaccine died from the vaccination.,Vaccine Safety and Effectiveness,Vaccine Side Effects,Vaccine-Related Injuries and Deaths
199,"In the United Kingdom, “81% of COVID-19 deaths are among the vaccinated.”",Vaccine Safety and Effectiveness,Vaccine-Related Injuries and Deaths,COVID-19 Deaths Among Vaccinated Individuals
200,"COVID-19 “surges among most vaxxed communities, says Harvard study.”",Vaccine Safety and Effectiveness,Vaccine Impact,Vaccine Impact on Community Health
201,Over 2 million injuries from COVID-19 vaccines have been reported to the World Health Organization.,Vaccine Safety and Effectiveness,Vaccine Side Effects,Vaccine-Related Injuries and Deaths
202,Pfizer vaccine contains living particles that can germinate to cause sickness.,Vaccine Safety and Effectiveness,Vaccine Side Effects,Vaccine-Related Injuries and Deaths
203,"""The media is pretty quiet about Florida's decline in COVID cases. No mask mandates or vaccine mandates.""",Government Policies,Vaccine Policies,Vaccine Mandates
204,The percentage of vaccinated employees at United Airlines increased after the mandate because unvaccinated employees left the company.,Government Policies,Vaccine Mandates,Opposition to Vaccine Mandates
205,"People who are vaccinated for the coronavirus “cannot spread it to you.""",Vaccine Safety and Effectiveness,Vaccine Policies,Vaccine Impact on Transmission
206,“Pfizer admits there’s no vaccine approved by FDA.”,Vaccine Production,Vaccine Policies,Investigation of Manufacturers
207,“Europe COMPLETELY BANS the Moderna vaccine for young people.”,Government Policies,Vaccine Policies,Opposition to Vaccine Mandates
208,The Pfizer COVID-19 vaccines contain a deadly parasite.,Political and Societal Implications,Conspiracy Theories
209,"“Vaxxed Delta pilot dies in-flight, emergency landing required.”",Vaccine Safety and Effectiveness,Vaccine Side Effects,Vaccine-Related Injuries and Deaths
210,“Paris police beat a woman for shopping at a mall with no vaccine passport.”,Government Policies,Vaccine Policies,Vaccine Mandates Enforcement
211,A person’s immune system “tanks” after their second COVID-19 vaccine dose.,Vaccine Safety and Effectiveness,Vaccine Side Effects,Vaccine-Related Injuries and Deaths
212,"""You are more likely, as a child, to end up in the hospital because of the vaccine than you are because of COVID. That's data from the CDC and from VAERS.""",Vaccine Safety and Effectiveness,Vaccine Side Effects,Vaccine-Related Injuries and Deaths
213,“There is no FDA approval for the Pfizer BioNTech vaccine for COVID-19.”,Vaccine Safety and Effectiveness,Vaccine Policies,FDA Approval Status
214,“There are precious few religions that actually say you cannot” get vaccinated.,Personal Experiences and Opinions,Vaccine Refusal
215,“We do not have an approved (COVID) vaccine in America … the Pfizer vaccine available in the U.S. is not FDA approved.”,Vaccine Safety and Effectiveness,Vaccine Policies,Vaccine Approval Status
216,"""New data shows that death is proportional to dose"" for COVID-19.",Vaccine Safety and Effectiveness,Vaccine Side Effects,Vaccine-Related Injuries and Deaths
217,Says 86% of COVID-19 cases in Israel in July were in fully vaccinated individuals.,Vaccine Safety and Effectiveness,Vaccine Impact,COVID-19 Cases Among Vaccinated Individuals
218,“75% of Republicans have been vaccinated” against COVID-19 in Illinois.,Public Opinion,Vaccine Acceptance
219,The Pfizer COVID-19 vaccine contains an “undisclosed ingredient. … How is informed consent possible?”,Vaccine Safety and Effectiveness,Vaccine Policies,Vaccine Privacy
220,“The vaccination campaign” increased COVID-19 deaths by 175% in one year.,Vaccine Safety and Effectiveness,Vaccine Impact,Vaccine-Related Deaths
221,“Biden orders dishonorable discharge for 46% of troops who refuse vaccine.”,Government Policies,Vaccine Mandates,Opposition to Vaccine Mandates
222,"Norway decided “that (the coronavirus) should be treated like other respiratory diseases, such as the flu or cold, because… it is no more dangerous than those mentioned.”",Government Policies,Vaccine Policies,Treatment of Coronavirus as Respiratory Disease
223,"""Pfizer launches final study for COVID drug that's suspiciously similar to 'horse paste'” ivermectin.",Vaccine Safety and Effectiveness,Scientific and Medical Discussions,Discussions about Ivermectin
224,The FDA advisory board said unvaccinated people are more educated than most people who have gotten the COVID-19 vaccines.,Public Opinion,Vaccine Acceptance,Education and Vaccine Decisions
225,"""Pfizer vaccine kills more people than it saves.""",Vaccine Safety and Effectiveness,Vaccine Side Effects,Vaccine-Related Injuries and Deaths
226,The Pfizer COVID-19 vaccine “is not approved.”,Vaccine Safety and Effectiveness,Vaccine Policies,Vaccine Approval Status
227,People who “have recovered (from COVID-19) have very strong immunity.”,Vaccine Safety and Effectiveness,Scientific and Medical Discussions,Discussions about Immunity After Infection
228,“Ivermectin has been FDA approved for human use since 1996.”,Scientific and Medical Discussions,Vaccine Safety and Effectiveness,Discussions about Ivermectin
229,“Biden orders VA to withhold benefits from unvaccinated veterans.”,Government Policies,Vaccine Mandates,Opposition to Vaccine Mandates
230,"""Japan says goodbye Moderna, hello ivermectin.""",Government Policies,Vaccine Policies,Opposition to Vaccine Mandates
231,“27 U.S. Air Force pilots resign over COVID-19 vaccination mandate.”,Government Policies,Vaccine Mandates,Opposition to Vaccine Mandates
232,“FEMA forcibly vaccinating Ida evacuees.”,Government Policies,Vaccine Mandates,Opposition to Vaccine Mandates
233,"""Ivermectin sterilizes the majority (85%) of the men who take it.""",Vaccine Safety and Effectiveness,Scientific and Medical Discussions,Discussions about Ivermectin
234,“President Putin bans mandatory vaccinations in Russia.”,Government Policies,Vaccine Policies,Opposition to Vaccine Mandates
235,"“Germany halts all Covid-19 vaccines, says they are unsafe and no longer recommended!!”",Vaccine Safety and Effectiveness,Vaccine Policies,Opposition to Vaccine Mandates
236,“Bill Gates calls for the withdrawal of all Covid-19 Vaccines; ‘The vaccines are far more dangerous than anyone imagined.’”,Political and Societal Implications,Conspiracy Theories,Vaccine Injury
237,"“The average hospital stay for a case of COVID-19 costs about $17,064. The vaccine is free.”",Vaccine Distribution and Administration,Vaccine Impact,Cost of COVID-19 Treatment
238,Glenn Youngkin “called COVID relief ‘unnecessary.’”,Government Policies,Vaccine Policies,COVID Relief Measures
239,The mRNA COVID-19 vaccines are “really gene therapy.”,Vaccine Safety and Effectiveness,Scientific and Medical Discussions,Discussions about Gene Therapy
240,“Friendly reminder: Cigarettes are FDA approved.”,Political and Societal Implications,Conspiracy Theories
241,Thalidomide was FDA-approved for pregnant women in the 1960s.,Vaccine Safety and Effectiveness,Scientific and Medical Discussions,Historical Drug Approvals and Risks
242,Video shows “pupils in Nigeria running away from being vaccinated.”,Public Opinion,Vaccine Acceptance,Vaccine Hesitancy in Nigeria
243,“No one has died of cancer or heart disease since the COVID-19 thing started.”,Vaccine Safety and Effectiveness,Vaccine Impact,Vaccine Impact on Heart Disease
244,“80% of women who have been jabbed have lost their children in the first trimester.”,Vaccine Safety and Effectiveness,Vaccine Side Effects,Vaccine-Related Injuries and Deaths
245,“Pfizer CEO has not yet had vaccine.”,Vaccine Safety and Effectiveness,Public Figures and Vaccination
246,Says a report of unvaccinated Florida teachers dying from COVID-19 isn’t real.,Vaccine Safety and Effectiveness,Vaccine-Related Injuries and Deaths,COVID-19 Deaths Among Unvaccinated Individuals
247,"COVID-19 vaccinations are “a violation of the Nuremberg code.""",Political and Societal Implications,Conspiracy Theories
248,“The second-largest investor in Regeneron” is a firm whose CEO is Ron DeSantis’ “number one political donor.”,Political and Societal Implications,Conspiracy Theories
249,"""100 Sailors at sea. All vaxxed. All with COVID (seven) weeks following deployment.""",Vaccine Safety and Effectiveness,Vaccine Side Effects,Vaccine-Related Injuries and Deaths
250,“Fauci doesn’t trust new vaccine research as delta variant surges.”,Vaccine Safety and Effectiveness,Scientific and Medical Discussions,Discussions about Vaccine Research
251,“Mayo Clinic study shows Pfizer vaccine dropped to 42% effective.”,Vaccine Safety and Effectiveness,Vaccine Effectiveness,Pfizer Vaccine Effectiveness
252,There is a “0.05% chance of dying from COVID.”,Vaccine Safety and Effectiveness,Vaccine Impact,COVID-19 Mortality Rates
253,The Biden administration is “not even testing these people” being released by Border Patrol into the U.S.,Government Policies,Vaccine Policies,Public Health and Safety Measures
254,“It’s not unusual for hospitals to sit at max or near max capacity on any given day.”,Vaccine Distribution and Administration,Vaccine Impact
255,“Pfizer CEO’s Israel visit canceled because he is not fully vaccinated.”,Government Policies,Vaccine Policies,Vaccine Mandates
256,"Says there are fewer than 2,000 confirmed COVID-19 hospitalizations in the U.S.",Vaccine Safety and Effectiveness,Vaccine Impact,COVID-19 Hospitalizations
257,“Pfizer vaccine now completely worthless in Israel as >80% of all COVID-19 patients were previously vaccinated.”,Vaccine Safety and Effectiveness,Vaccine Impact,Vaccine Effectiveness in COVID-19 Patients
258,“Due to the new ‘delta variant’ California will be mailing in ballots for recall election.”,Government Policies,Vaccine Policies,Impact of Variants on Elections
259,The survival rate for COVID-19 is over 99% for most age groups.,Vaccine Safety and Effectiveness,Scientific and Medical Discussions,COVID-19 Survival Rates
260,The “delta” in “delta variant” means “deep sleep.”,Political and Societal Implications,Conspiracy Theories
261,“Wearing masks has not been demonstrated to make a significant impact in preventing the spread of COVID.”,Vaccine Safety and Effectiveness,Scientific and Medical Discussions,Discussions about Mask Effectiveness
262,It’s safer to be unvaccinated than vaccinated against COVID-19.,Vaccine Safety and Effectiveness,Vaccine Side Effects,Vaccine-Related Injuries and Deaths
263,Ivermectin caused a substantial decrease in the excess mortality rate in Mexico.,Vaccine Safety and Effectiveness,Scientific and Medical Discussions,Discussions about Ivermectin
264,“Fauci just told us they found a (coronavirus) variant that ‘evades the test.’”,Vaccine Safety and Effectiveness,Scientific and Medical Discussions,Discussions about Coronavirus Variants
265,Says Gov. Tony Evers has declared Wisconsin “permanently closed” for business.,Government Policies,Vaccine Policies,Economic Impact of COVID-19
266,"“The best way to avoid COVID altogether is to exercise, eat healthy and let your immune system beat it naturally.”",Vaccine Safety and Effectiveness,Scientific and Medical Discussions,Discussions about Natural Immunity
267,Photos show Lloyd Austin without a face shield after he landed in the Philippines.,Political and Societal Implications,Government Policies,Public Health Guidelines Compliance
268,“60% of patients admitted to the hospital in the UK have been fully vaccinated”,Vaccine Safety and Effectiveness,Vaccine Impact,Hospitalization Rates Among Vaccinated Patients
269,The opening ceremony of the 2012 London Olympics predicted the COVID-19 pandemic.,Political and Societal Implications,Conspiracy Theories
270,"“CDC quietly deletes 6,000 COVID vaccine deaths from its CDC website total in one day.”",Vaccine Safety and Effectiveness,Vaccine-Related Injuries and Deaths,Vaccine Deaths Reporting Issues
271,“Don’t believe the hype that Florida” COVID-19 “numbers are up. It’s a blatant lie.”,Political and Societal Implications,Conspiracy Theories
272,Video montage shows Kamala Harris and others faking vaccination.,Political and Societal Implications,Conspiracy Theories
273,“It makes no sense to require vaccinations for the previously infected.”,Government Policies,Vaccine Policies,Vaccine Requirements for Previously Infected
274,"""People are being diagnosed with delta variant"" even though ""there is no delta variant test.""",Vaccine Safety and Effectiveness,Scientific and Medical Discussions,Discussions about Variants
275,Says Joe Biden and Kamala Harris distrusted COVID-19 vaccines.,Political and Societal Implications,Public Opinion,Vaccine Acceptance
276,The coronavirus can’t be so dangerous because there are no biohazard bins for COVID-19 masks and gloves.,Political and Societal Implications,Conspiracy Theories
277,"“Ten thousand people have recently died. 9,950 of them, thereabouts, are people who hadn’t been vaccinated.""",Vaccine Safety and Effectiveness,Vaccine-Related Injuries and Deaths,Vaccine Impact on Mortality Rates
278,“You’re not going to get COVID if you have these vaccinations.”,Vaccine Safety and Effectiveness,Vaccine Acceptance,Vaccine Efficacy Against COVID-19
279,"“45,000 confirmed dead from the COVID-19 shots within three days… and they’ve covered it up.”",Vaccine Safety and Effectiveness,Vaccine Side Effects,Vaccine-Related Injuries and Deaths
280,“Americans not vaccinated before 2022 will be put in camps”,Political and Societal Implications,Vaccine Mandates,Opposition to Vaccine Mandates
281,“Every Republican in Congress voted to defund the police when they voted against the American Rescue Plan.”,Political and Societal Implications,Government Policies
282,"“If the shot actually saved lives, they’d be priced so high that you literally could not afford them, you know like insulin.”",Vaccine Safety and Effectiveness,Vaccine Impact,Vaccine Pricing and Accessibility
283,Questions about whether she’s been vaccinated are “a violation of my HIPAA rights.”,Government Policies,Vaccine Policies,Vaccine Privacy
284,“Canada prohibits all vaxxed pilots from flying.”,Government Policies,Vaccine Policies,Vaccine Mandates for Pilots
285,Photo shows people protesting against “vaccine tyranny” in France.,Political and Societal Implications,Vaccine Mandates,Opposition to Vaccine Mandates
286,"“Unvaccinated, you can get COVID and have over 99% chance of survival. Get vaccinated and you can still get COVID and will still have over 99% chance of survival.”",Vaccine Safety and Effectiveness,Vaccine Impact,COVID-19 Survival Rates
287,Five JetBlue pilots died from the COVID-19 vaccine.,Vaccine Safety and Effectiveness,Vaccine Side Effects,Vaccine-Related Injuries and Deaths
288,“Some of you are being injected with saline because it would look too suspicious if everybody died at the same time.”,Political and Societal Implications,Conspiracy Theories
289,Headlines show CNN published contradictory reports about hydroxychloroquine in 2020.,Scientific and Medical Discussions,Vaccine Policies,Discussions about Hydroxychloroquine
290,"Haiti, Tanzania and Madagascar refused the COVID-19 vaccines and now all three of their presidents have died unexpectedly.",Political and Societal Implications,Conspiracy Theories
291,“Lauren Boebert received a PPP loan for her restaurant.”,Government Policies,Financial Assistance Programs,PPP Loans and Recipients
292,The delta variant of the coronavirus “is approximately 19 times less deadly.”,Vaccine Safety and Effectiveness,Scientific and Medical Discussions,Discussions about Variants
293,Says the Make-A-Wish Foundation will grant wishes only to fully vaccinated children.,Government Policies,Vaccine Policies,Vaccine Mandates for Children
294,“CDC officials admit more hospitalizations of young people from vaccine than from the actual COVID virus.”,Vaccine Safety and Effectiveness,Vaccine Side Effects,Vaccine-Related Injuries and Deaths
295,"Funeral directors say “no one is dying from COVID” and ""the only ones dying are from the vaccine.""",Vaccine Safety and Effectiveness,Vaccine-Related Injuries and Deaths,Vaccine Injury
296,mRNA technology in COVID-19 vaccines was never tested in humans.,Vaccine Safety and Effectiveness,Scientific and Medical Discussions,mRNA Technology Testing
297,“The unvaccinated have escaped every single strain or 'variant’” of SARS-CoV-2.,Vaccine Safety and Effectiveness,Vaccine Refusal,Impact of Vaccination on Variants
298,AstraZeneca means “weapon that kills.”,Political and Societal Implications,Conspiracy Theories
